experiment,description,seed,checkpoint,best_validation_loss,best_epoch,epochs_completed,duration_seconds,test_loss,answer_accuracy,dependency_accuracy,effective_evidence_accuracy,effective_evidence_mae,false_consensus_accuracy,observed_agreement_mae,model_num_tools,model_num_answer_classes,model_max_latent_sources,model_hidden_dim,model_claim_embedding_dim,model_metadata_embedding_dim,model_slot_iterations,model_dropout,model_assignment_temperature,loss_answer_weight,loss_dependency_weight,loss_effective_evidence_weight,loss_occupancy_weight,loss_false_consensus_weight,loss_agreement_weight,loss_assignment_entropy_weight
full,Full latent EBM,17,results\latent_ablations\full\seed_17\best.pt,1.127043661495183,25,30,482.70634729997255,1.0625581622016225,0.685752931051796,0.9091370535176332,0.8935978359956801,0.12488728587669333,0.9693417493237151,0.05429985348010945,6,2,6,128,24,16,3,0.1,0.75,1.0,1.0,0.5,0.25,0.5,0.25,0.01
full,Full latent EBM,42,results\latent_ablations\full\seed_42\best.pt,1.103631540592885,30,30,1251.1123567998875,1.0607458687344578,0.6753832281871999,0.8922800254563795,0.8800721365229518,0.14427412083797406,0.9700180342651037,0.053536781357606325,6,2,6,128,24,16,3,0.1,0.75,1.0,1.0,0.5,0.25,0.5,0.25,0.01
full,Full latent EBM,123,results\latent_ablations\full\seed_123\best.pt,1.121434149966144,19,25,1142.7866342000198,1.0658609758528426,0.6731289454254619,0.9016525652948213,0.8850315595339611,0.1411181244431475,0.9675383228133454,0.0453562871716762,6,2,6,128,24,16,3,0.1,0.75,1.0,1.0,0.5,0.25,0.5,0.25,0.01
no_dependency_loss,Remove dependency supervision,17,results\latent_ablations\no_dependency_loss\seed_17\best.pt,0.8374411179715355,25,30,787.1579793000128,0.8024500354761686,0.6816952209466207,0.8061658324047292,0.8940486926232726,0.1280432822698403,0.9700180342651037,0.05955788759872438,6,2,6,128,24,16,3,0.1,0.75,1.0,0.0,0.5,0.25,0.5,0.25,0.01
no_dependency_loss,Remove dependency supervision,42,results\latent_ablations\no_dependency_loss\seed_42\best.pt,0.8354571043778319,30,30,868.6085429000668,0.8003329850726562,0.6807935076108164,0.8890716266374098,0.884580702798876,0.1397655545620498,0.9700180342651037,0.05202173930403883,6,2,6,128,24,16,3,0.1,0.75,1.0,0.0,0.5,0.25,0.5,0.25,0.01
no_dependency_loss,Remove dependency supervision,123,results\latent_ablations\no_dependency_loss\seed_123\best.pt,0.840270359830835,26,30,626.6352121999953,0.8112606780286089,0.6794409376205465,0.8890457940166119,0.8845807033900853,0.13615870154970824,0.9691163210099188,0.04871832801077794,6,2,6,128,24,16,3,0.1,0.75,1.0,0.0,0.5,0.25,0.5,0.25,0.01
no_false_consensus_loss,Remove false-consensus supervision,17,results\latent_ablations\no_false_consensus_loss\seed_17\best.pt,1.0797813534469947,25,30,609.3058559999336,1.0135847020514706,0.6839495040039634,0.9107548681006332,0.8881875565183174,0.12984670886754773,0.5306582512137479,0.05224850555467004,6,2,6,128,24,16,3,0.1,0.75,1.0,1.0,0.5,0.25,0.0,0.25,0.01
no_false_consensus_loss,Remove false-consensus supervision,42,results\latent_ablations\no_false_consensus_loss\seed_42\best.pt,1.0809141389475574,30,30,580.5194403000642,1.0307920672422706,0.6726780884216453,0.8912943475841938,0.8800721371141611,0.14292155096359463,0.4170423803617548,0.04975335227411217,6,2,6,128,24,16,3,0.1,0.75,1.0,1.0,0.5,0.25,0.0,0.25,0.01
no_false_consensus_loss,Remove false-consensus supervision,123,results\latent_ablations\no_false_consensus_loss\seed_123\best.pt,1.0684000743315525,23,29,1183.39219709998,1.0227091101722958,0.6776375117013861,0.9060774249359764,0.8899909829749407,0.1316501352905797,0.6979260599430452,0.04973493231253865,6,2,6,128,24,16,3,0.1,0.75,1.0,1.0,0.5,0.25,0.0,0.25,0.01
no_occupancy_loss,Remove slot-occupancy regularisation,17,results\latent_ablations\no_occupancy_loss\seed_17\best.pt,1.1092168091127537,22,28,460.1836841001641,1.040410622591581,0.687556357615912,0.9020982966216649,0.8746618575293057,0.14743011722272317,0.968214607754734,0.05552440570672425,6,2,6,128,24,16,3,0.1,0.75,1.0,1.0,0.5,0.0,0.5,0.25,0.01
no_occupancy_loss,Remove slot-occupancy regularisation,42,results\latent_ablations\no_occupancy_loss\seed_42\best.pt,1.0987043051111618,25,30,490.6663948998321,1.0342165845487439,0.6834986474838636,0.9032896483019733,0.8809738504230923,0.13751127144928124,0.9691163210099188,0.05498447124758102,6,2,6,128,24,16,3,0.1,0.75,1.0,1.0,0.5,0.0,0.5,0.25,0.01
no_occupancy_loss,Remove slot-occupancy regularisation,123,results\latent_ablations\no_occupancy_loss\seed_123\best.pt,1.090765037792641,19,25,338.8776895001065,1.04294412860578,0.6785392250103173,0.8994923734363938,0.8818755631408141,0.14156898107073992,0.9670874661857529,0.04614411577300191,6,2,6,128,24,16,3,0.1,0.75,1.0,1.0,0.5,0.0,0.5,0.25,0.01
no_entropy_regularisation,Remove assignment-entropy regularisation,17,results\latent_ablations\no_entropy_regularisation\seed_17\best.pt,1.1061990281879501,26,30,1299.3347885000985,1.0528507158496123,0.670423805068698,0.8999504243284867,0.8823264203596158,0.14201983781254324,0.9697926059513075,0.05161076165379652,6,2,6,128,24,16,3,0.1,0.75,1.0,1.0,0.5,0.25,0.5,0.25,0.0
no_entropy_regularisation,Remove assignment-entropy regularisation,42,results\latent_ablations\no_entropy_regularisation\seed_42\best.pt,1.0959986626968554,30,30,661.8003712000791,1.0578460231678672,0.6794409378355317,0.8904002889843005,0.8678990081691655,0.15554553653618255,0.9691163210099188,0.05339103420512756,6,2,6,128,24,16,3,0.1,0.75,1.0,1.0,0.5,0.25,0.5,0.25,0.0
no_entropy_regularisation,Remove assignment-entropy regularisation,123,results\latent_ablations\no_entropy_regularisation\seed_123\best.pt,1.1066645983881598,19,25,353.69615480001085,1.0599646588721934,0.6789900811004467,0.8999499410417727,0.8778178535462285,0.14743011731677919,0.9675383228133454,0.04634815577091775,6,2,6,128,24,16,3,0.1,0.75,1.0,1.0,0.5,0.25,0.5,0.25,0.0
answer_only,Answer prediction only,17,results\latent_ablations\answer_only\seed_17\best.pt,0.5901744668382393,10,16,216.06628939998336,0.5917452534003984,0.6708746622874997,0.6778328696600051,0.0689810640821057,3.265554554081909,0.14404869254937142,0.35097015328617975,6,2,6,128,24,16,3,0.1,0.75,1.0,0.0,0.0,0.0,0.0,0.0,0.0
answer_only,Answer prediction only,42,results\latent_ablations\answer_only\seed_42\best.pt,0.6015929051960341,12,18,240.31674239994027,0.6004615659859935,0.6672678089980288,0.7189139308318886,0.27682596938205906,1.0486925151350264,0.6032461677186655,0.3799961687907966,6,2,6,128,24,16,3,0.1,0.75,1.0,0.0,0.0,0.0,0.0,0.0,0.0
answer_only,Answer prediction only,123,results\latent_ablations\answer_only\seed_123\best.pt,0.5858732599540045,27,30,599.5305939998943,0.5735460338665624,0.6889089270149726,0.6334717334445475,0.1474301172563146,1.669071236314593,0.588593327751882,0.38724266002047053,6,2,6,128,24,16,3,0.1,0.75,1.0,0.0,0.0,0.0,0.0,0.0,0.0
slot_iterations_1,One slot-refinement iteration,17,results\latent_ablations\slot_iterations_1\seed_17\best.pt,1.1532709822558718,28,30,455.2874304000288,1.1029945575406253,0.6794409377817854,0.87907980792258,0.8733092877002747,0.14517583410155677,0.9679891794409378,0.054211295039348496,6,2,6,128,24,16,1,0.1,0.75,1.0,1.0,0.5,0.25,0.5,0.25,0.01
slot_iterations_1,One slot-refinement iteration,42,results\latent_ablations\slot_iterations_1\seed_42\best.pt,1.1638240530453539,20,26,344.3758788998239,1.1206223506772701,0.6731289451836034,0.8767786998808975,0.8660955811213329,0.15284039681429687,0.9684400357997988,0.057893469802047674,6,2,6,128,24,16,1,0.1,0.75,1.0,1.0,0.5,0.25,0.5,0.25,0.01
slot_iterations_1,One slot-refinement iteration,123,results\latent_ablations\slot_iterations_1\seed_123\best.pt,1.1631760987126054,25,30,321.40809609997086,1.1313632676685255,0.6605049592616646,0.877588865023889,0.8728584305352193,0.14607754740041048,0.9691163210099188,0.0586910159255708,6,2,6,128,24,16,1,0.1,0.75,1.0,1.0,0.5,0.25,0.5,0.25,0.01
latent_slots_2,Use 2 latent slots,17,results\latent_ablations\latent_slots_2\seed_17\best.pt,1.3857454490874972,26,30,563.1342941001058,1.3570741055998532,0.6704238052836832,0.7343725777080835,0.8656447244399942,0.15464382327259985,0.9688908926961226,0.054340881140141795,6,2,2,128,24,16,3,0.1,0.75,1.0,1.0,0.5,0.25,0.5,0.25,0.01
latent_slots_2,Use 2 latent slots,42,results\latent_ablations\latent_slots_2\seed_42\best.pt,1.3653650825722372,30,30,409.812471000012,1.3370140319046833,0.6609558162654812,0.7391107315088414,0.8701532913071277,0.15329125339822042,0.9700180342651037,0.05360074281504393,6,2,2,128,24,16,3,0.1,0.75,1.0,1.0,0.5,0.25,0.5,0.25,0.01
latent_slots_2,Use 2 latent slots,123,results\latent_ablations\latent_slots_2\seed_123\best.pt,1.377555149406928,26,30,539.4541585999541,1.3264160115402814,0.6717763755964309,0.7472525142247447,0.87601442687462,0.1415689810724195,0.9684400360685302,0.05703993378134866,6,2,2,128,24,16,3,0.1,0.75,1.0,1.0,0.5,0.25,0.5,0.25,0.01
latent_slots_4,Use 4 latent slots,17,results\latent_ablations\latent_slots_4\seed_17\best.pt,1.1464597562282144,22,28,477.4323734000791,1.0897303575648178,0.6807935077451821,0.8967167981795302,0.8706041473435109,0.1523895401346377,0.968214607754734,0.056634052909366496,6,2,4,128,24,16,3,0.1,0.75,1.0,1.0,0.5,0.25,0.5,0.25,0.01
latent_slots_4,Use 4 latent slots,42,results\latent_ablations\latent_slots_4\seed_42\best.pt,1.149579511339499,30,30,391.1705910998862,1.1102276398750766,0.6862037872762913,0.890035037149493,0.8706041479347202,0.1577998196741447,0.9695671776375113,0.051490466279205276,6,2,4,128,24,16,3,0.1,0.75,1.0,1.0,0.5,0.25,0.5,0.25,0.01
latent_slots_4,Use 4 latent slots,123,results\latent_ablations\latent_slots_4\seed_123\best.pt,1.1526949587017632,30,30,329.19707120000385,1.096773735567511,0.677186654590077,0.8965776351467782,0.8787195672851301,0.14472497749076005,0.9700180342651037,0.050084238248810885,6,2,4,128,24,16,3,0.1,0.75,1.0,1.0,0.5,0.25,0.5,0.25,0.01
latent_slots_8,Use 8 latent slots,17,results\latent_ablations\latent_slots_8\seed_17\best.pt,1.109618904713283,24,30,412.6953650000505,1.0387185695904455,0.681695220812255,0.9083587893287377,0.8904418390113239,0.130748422062268,0.968214607754734,0.052244386747412254,6,2,8,128,24,16,3,0.1,0.75,1.0,1.0,0.5,0.25,0.5,0.25,0.01
latent_slots_8,Use 8 latent slots,42,results\latent_ablations\latent_slots_8\seed_42\best.pt,1.1152750712913155,24,30,482.86177800013684,1.061026270374508,0.6920649237305974,0.8941942611398517,0.8769161402372975,0.14652840397425662,0.9686654643823264,0.0519232824847868,6,2,8,128,24,16,3,0.1,0.75,1.0,1.0,0.5,0.25,0.5,0.25,0.01
latent_slots_8,Use 8 latent slots,123,results\latent_ablations\latent_slots_8\seed_123\best.pt,1.1152957563165584,21,27,511.50812600017525,1.0601160049008507,0.6735798017305764,0.8980380312831043,0.8886384125547004,0.13435527502926112,0.9679891794409378,0.05360252709809029,6,2,8,128,24,16,3,0.1,0.75,1.0,1.0,0.5,0.25,0.5,0.25,0.01
temperature_0_25,Assignment temperature 0.25,17,results\latent_ablations\temperature_0_25\seed_17\best.pt,1.1173543703902755,28,30,794.1365034999326,1.084558233470934,0.6929666365020656,0.8869504095521245,0.8715058612436513,0.154192966670201,0.968214607754734,0.05553569807272112,6,2,6,128,24,16,3,0.1,0.25,1.0,1.0,0.5,0.25,0.5,0.25,0.01
temperature_0_25,Assignment temperature 0.25,42,results\latent_ablations\temperature_0_25\seed_42\best.pt,1.1140157873998553,30,30,2197.326430399902,1.0728503560783413,0.672678088367899,0.8950615342508252,0.871505861189905,0.15238954014303557,0.9693417493237151,0.05372930854236467,6,2,6,128,24,16,3,0.1,0.25,1.0,1.0,0.5,0.25,0.5,0.25,0.01
temperature_0_25,Assignment temperature 0.25,123,results\latent_ablations\temperature_0_25\seed_123\best.pt,1.1264833543124615,25,30,892.4981044000015,1.08052681307195,0.6650135255375889,0.897287351091882,0.8737601443278671,0.14833183049470375,0.9675383228133454,0.045192237288377866,6,2,6,128,24,16,3,0.1,0.25,1.0,1.0,0.5,0.25,0.5,0.25,0.01
temperature_0_5,Assignment temperature 0.50,17,results\latent_ablations\temperature_0_5\seed_17\best.pt,1.1414048368232095,19,25,771.0991896998603,1.079404077839486,0.6798917943556315,0.8977624168258406,0.8841298468162392,0.13886384133205854,0.9684400360685302,0.050631043288732455,6,2,6,128,24,16,3,0.1,0.5,1.0,1.0,0.5,0.25,0.5,0.25,0.01
temperature_0_5,Assignment temperature 0.50,42,results\latent_ablations\temperature_0_5\seed_42\best.pt,1.1483632176247753,13,19,229.26927629997954,1.1002926721134305,0.6722272318477992,0.9031845910577112,0.8836789895974375,0.13345356182782256,0.9673128944995492,0.07346346560526368,6,2,6,128,24,16,3,0.1,0.5,1.0,1.0,0.5,0.25,0.5,0.25,0.01
temperature_0_5,Assignment temperature 0.50,123,results\latent_ablations\temperature_0_5\seed_123\best.pt,1.130809141592158,23,29,338.850653299829,1.0616100293435526,0.6839495045951727,0.9049047454721332,0.8755635709457295,0.1469792607160599,0.968214607754734,0.054961185435436134,6,2,6,128,24,16,3,0.1,0.5,1.0,1.0,0.5,0.25,0.5,0.25,0.01
temperature_1_0,Assignment temperature 1.00,17,results\latent_ablations\temperature_1_0\seed_17\best.pt,1.126479582978575,24,30,1427.068519399967,1.048762417893027,0.6812443641846625,0.9067938742710729,0.8899909823837314,0.13255184857263771,0.9700180342651037,0.05141780315163546,6,2,6,128,24,16,3,0.1,1.0,1.0,1.0,0.5,0.25,0.5,0.25,0.01
temperature_1_0,Assignment temperature 1.00,42,results\latent_ablations\temperature_1_0\seed_42\best.pt,1.1021677282299238,30,30,482.29855219996534,1.0722597338682471,0.6771866546706964,0.8890058181649183,0.8724075744988361,0.154192966670201,0.9700180342651037,0.05555652613718839,6,2,6,128,24,16,3,0.1,1.0,1.0,1.0,0.5,0.25,0.5,0.25,0.01
temperature_1_0,Assignment temperature 1.00,123,results\latent_ablations\temperature_1_0\seed_123\best.pt,1.1176412265039397,19,25,379.55640220013447,1.065562244145262,0.6749323714521148,0.9014995577530994,0.885031560071424,0.13976555458724338,0.9675383228133454,0.047142119206508286,6,2,6,128,24,16,3,0.1,1.0,1.0,1.0,0.5,0.25,0.5,0.25,0.01
